,age_last_funding_year,relationships,milestones,is_software,is_web,is_mobile,is_enterprise,is_advertising,is_gamesvideo,is_ecommerce,is_biotech,is_consulting,is_othercategory,is_top500
0,3.0027,3,3,0,0,0,0,0,0,0,0,0,1,0
1,9.9973,9,1,0,0,0,1,0,0,0,0,0,0,1
2,1.0329,5,2,0,1,0,0,0,0,0,0,0,0,1
3,5.3151,5,1,1,0,0,0,0,0,0,0,0,0,1
4,1.6685,2,1,0,0,0,0,0,1,0,0,0,0,1
5,4.5452,3,1,0,0,0,0,0,0,0,0,0,1,1
6,5.211,6,2,1,0,0,0,0,0,0,0,0,0,1
7,6.7616,25,3,0,0,0,0,0,0,0,0,0,1,1
8,11.1123,13,4,0,0,1,0,0,0,0,0,0,0,1
9,4.6849,14,4,0,1,0,0,0,0,0,0,0,0,1
10,9.4493,22,3,0,0,1,0,0,0,0,0,0,0,1
11,5.337,8,2,0,1,0,0,0,0,0,0,0,0,1
12,4.9041,0,0,0,1,0,0,0,0,0,0,0,0,0
13,2.4356,15,3,0,0,0,0,0,0,0,0,0,1,1
14,8.9973,12,1,1,0,0,0,0,0,0,0,0,0,1
15,6.6082,0,0,0,0,0,0,0,0,0,0,0,1,0
16,6.7644,8,1,0,0,0,0,0,0,0,0,0,1,1
17,7.1726,7,3,0,0,0,0,0,1,0,0,0,0,1
18,1.5808,10,3,0,1,0,0,0,0,0,0,0,0,1
19,2.8301,13,3,0,0,0,1,0,0,0,0,0,0,1
20,3.7863,8,3,1,0,0,0,0,0,0,0,0,0,0
21,3.8329,3,1,0,0,0,0,0,0,0,0,0,1,1
22,5.4904,1,1,0,1,0,0,0,0,0,0,0,0,0
23,3.3151,4,3,0,0,1,0,0,0,0,0,0,0,0
24,0.337,5,0,0,0,0,0,0,0,0,0,0,1,1
25,4.8411,3,1,1,0,0,0,0,0,0,0,0,0,1
26,4.0603,7,1,0,0,0,0,0,0,0,0,0,1,1
27,4.0685,2,3,0,0,0,0,0,0,0,0,0,1,1
28,4.5315,37,2,0,1,0,0,0,0,0,0,0,0,1
29,1.189,5,3,0,0,0,0,0,0,0,0,0,1,1
30,2.1644,3,1,0,0,0,0,0,0,0,0,0,1,1
31,5.1671,6,1,0,0,0,0,0,0,0,0,0,1,1
32,2.0192,9,0,1,0,0,0,0,0,0,0,0,0,1
33,0.8685,3,2,0,0,1,0,0,0,0,0,0,0,1
34,0.0822,2,0,0,0,0,0,0,0,0,0,0,1,0
35,2.6575,1,1,1,0,0,0,0,0,0,0,0,0,1
36,1.5945,8,3,1,0,0,0,0,0,0,0,0,0,1
37,5.7014,0,0,0,0,0,0,0,0,0,0,0,1,1
38,2.6493,10,3,0,0,0,0,0,0,1,0,0,0,1
39,5.9041,18,5,0,0,0,0,1,0,0,0,0,0,1
40,4.8027,26,5,0,0,0,1,0,0,0,0,0,0,1
41,0.5836,9,2,0,0,1,0,0,0,0,0,0,0,0
42,2.3863,7,2,0,0,0,0,0,0,0,0,0,1,1
43,3.4904,10,3,0,0,0,1,0,0,0,0,0,0,1
44,4.6658,25,4,0,0,0,0,1,0,0,0,0,0,1
45,2.6247,4,0,1,0,0,0,0,0,0,0,0,0,1
46,2.9534,2,3,0,0,0,0,0,0,0,0,0,1,1
47,0.2466,9,2,1,0,0,0,0,0,0,0,0,0,1
48,1.189,6,2,1,0,0,0,0,0,0,0,0,0,1
49,3.2082,11,2,1,0,0,0,0,0,0,0,0,0,1
50,2.5836,5,1,0,1,0,0,0,0,0,0,0,0,1
51,2.4466,4,3,0,0,1,0,0,0,0,0,0,0,1
52,0.7479,12,5,0,1,0,0,0,0,0,0,0,0,1
53,6.8137,9,1,0,0,0,0,0,0,0,0,0,1,1
54,6.2329,37,4,0,0,0,1,0,0,0,0,0,0,1
55,3.4986,0,0,1,0,0,0,0,0,0,0,0,0,1
56,4.7616,13,2,0,0,0,0,0,0,0,0,0,1,1
57,4.1041,18,1,0,0,0,0,0,0,0,0,1,0,1
58,4.1534,10,4,1,0,0,0,0,0,0,0,0,0,1
59,6.189,6,2,0,0,1,0,0,0,0,0,0,0,1
60,10.9507,10,1,0,0,0,0,0,0,0,1,0,0,1
61,3.4986,6,1,0,0,0,0,0,0,0,0,0,1,1
62,9.3041,2,1,0,0,0,1,0,0,0,0,0,0,1
63,6.3726,0,0,1,0,0,0,0,0,0,0,0,0,0
64,2.7836,5,2,1,0,0,0,0,0,0,0,0,0,1
65,2.6438,4,2,0,0,0,0,0,0,0,0,0,1,1
66,1.0877,5,0,1,0,0,0,0,0,0,0,0,0,1
67,6.5205,4,4,0,0,0,0,1,0,0,0,0,0,0
68,7.2548,7,1,0,0,0,0,0,0,0,0,0,1,1
69,3.0247,9,2,0,0,0,0,1,0,0,0,0,0,1
70,0.6795,15,3,0,1,0,0,0,0,0,0,0,0,1
71,-0.0301,3,1,1,0,0,0,0,0,0,0,0,0,0
72,0.2466,10,3,0,1,0,0,0,0,0,0,0,0,1
73,9.337,17,3,0,0,0,0,1,0,0,0,0,0,1
74,1.8055,1,0,1,0,0,0,0,0,0,0,0,0,1
75,4.0027,2,1,1,0,0,0,0,0,0,0,0,0,1
76,9.1973,0,0,1,0,0,0,0,0,0,0,0,0,1
77,2.0986,12,3,0,0,0,0,0,0,0,0,0,1,1
78,3.0384,10,5,0,0,0,0,0,1,0,0,0,0,1
79,1.3425,4,2,0,0,1,0,0,0,0,0,0,0,1
80,2.0329,11,3,0,0,1,0,0,0,0,0,0,0,1
81,2.0466,2,0,0,0,0,0,0,0,0,0,0,1,1
82,3.9562,5,3,0,0,0,0,0,0,0,0,0,1,1
83,4.6822,3,1,0,0,0,0,0,0,0,0,0,1,1
84,5.6384,13,5,0,0,0,0,0,0,0,0,0,1,1
85,5.4411,1,0,1,0,0,0,0,0,0,0,0,0,0
86,1.1288,7,2,0,1,0,0,0,0,0,0,0,0,1
87,10.6658,2,1,0,0,0,0,0,0,0,0,0,1,1
88,0.8822,7,0,0,0,0,0,0,0,1,0,0,0,1
89,3.1041,5,2,1,0,0,0,0,0,0,0,0,0,1
90,7.8712,5,1,0,0,0,0,0,0,0,0,0,1,1
91,4.6658,1,0,0,0,0,0,1,0,0,0,0,0,1
92,2.5726,7,2,0,1,0,0,0,0,0,0,0,0,1
93,1.3397,24,2,0,0,0,0,0,0,0,0,0,1,1
94,4.8192,8,2,0,0,0,0,0,0,0,0,0,1,1
95,3.7233,1,0,0,0,0,0,0,0,0,0,0,1,1
96,6.5151,3,3,1,0,0,0,0,0,0,0,0,0,1
97,1.4082,1,1,1,0,0,0,0,0,0,0,0,0,1
98,4.2849,7,2,0,0,0,0,0,0,0,0,0,1,1
99,3.0137,3,0,0,0,0,0,0,0,0,0,0,1,1
100,20.8055,2,0,1,0,0,0,0,0,0,0,0,0,1
101,5.789,1,0,1,0,0,0,0,0,0,0,0,0,1
102,1.2712,5,0,1,0,0,0,0,0,0,0,0,0,1
103,8.2822,16,2,0,0,0,0,0,0,0,0,0,1,1
104,1.2548,21,2,0,1,0,0,0,0,0,0,0,0,1
105,4.8329,4,6,0,1,0,0,0,0,0,0,0,0,0
106,7.1068,9,3,1,0,0,0,0,0,0,0,0,0,1
107,1.0356,2,2,0,1,0,0,0,0,0,0,0,0,0
108,2.7233,5,3,0,1,0,0,0,0,0,0,0,0,1
109,3.1397,0,2,0,0,1,0,0,0,0,0,0,0,1
110,2.9014,11,3,0,1,0,0,0,0,0,0,0,0,1
111,4.7342,1,0,0,0,0,0,0,0,0,0,0,1,1
112,4.0137,0,0,0,0,0,0,0,0,0,0,0,1,0
113,0.411,10,2,0,0,0,0,0,0,0,0,0,1,1
114,1.9205,12,2,0,0,0,1,0,0,0,0,0,0,1
115,0.5014,10,3,0,0,1,0,0,0,0,0,0,0,1
116,10.7589,0,0,0,0,0,0,0,0,0,1,0,0,0
117,5.6904,3,1,0,0,0,0,0,0,0,0,0,1,1
118,1.0822,12,1,0,0,0,0,0,0,1,0,0,0,0
119,1.7479,4,2,0,1,0,0,0,0,0,0,0,0,0
120,0.5808,1,1,0,1,0,0,0,0,0,0,0,0,1
121,2.7753,6,2,0,0,0,0,0,0,1,0,0,0,1
122,0.8192,7,2,0,0,0,1,0,0,0,0,0,0,1
123,1.4959,14,3,0,0,0,0,0,0,0,0,0,1,1
124,4.4137,14,2,0,0,0,0,0,0,0,0,0,1,1
125,4.5507,2,0,0,0,0,0,0,0,0,1,0,0,1
126,7.9205,6,3,0,1,0,0,0,0,0,0,0,0,1
127,1.4877,3,2,0,0,0,0,1,0,0,0,0,0,1
128,4.2356,2,1,0,0,1,0,0,0,0,0,0,0,1
129,5.4384,2,1,0,0,0,0,0,0,0,0,0,1,1
130,7.5315,2,1,0,1,0,0,0,0,0,0,0,0,1
131,1.7699,6,2,0,0,0,0,0,1,0,0,0,0,1
132,4.2247,9,2,1,0,0,0,0,0,0,0,0,0,1
133,6.1233,9,1,0,0,0,0,0,0,0,0,0,1,1
134,1.8329,4,1,0,1,0,0,0,0,0,0,0,0,1
135,6.0055,1,0,0,0,1,0,0,0,0,0,0,0,1
136,3.5288,1,0,0,0,0,0,0,0,0,0,0,1,1
137,6.6466,4,2,0,0,0,0,0,0,0,1,0,0,1
138,4.4055,27,3,0,0,0,0,1,0,0,0,0,0,1
139,0.5726,12,2,0,0,0,0,0,0,0,0,0,1,0
140,5.3178,13,0,0,0,0,0,0,0,0,0,0,1,1
141,2.3315,6,1,1,0,0,0,0,0,0,0,0,0,1
142,3.9178,8,3,0,0,0,0,0,1,0,0,0,0,0
143,1.9178,4,1,0,0,1,0,0,0,0,0,0,0,1
144,0.8959,9,2,0,1,0,0,0,0,0,0,0,0,1
145,3.7863,11,2,1,0,0,0,0,0,0,0,0,0,1
146,1.8822,6,2,0,0,0,0,0,1,0,0,0,0,1
147,3.874,3,1,1,0,0,0,0,0,0,0,0,0,1
148,2.6493,4,2,0,0,0,0,0,0,0,0,0,1,1
149,4.1644,5,5,0,1,0,0,0,0,0,0,0,0,1
150,6.8877,2,0,0,0,0,0,0,0,0,0,0,1,1
151,1.1836,1,1,0,1,0,0,0,0,0,0,0,0,0
152,0.2493,1,2,0,1,0,0,0,0,0,0,0,0,0
153,4.9205,10,5,0,0,1,0,0,0,0,0,0,0,1
154,9.4247,12,3,0,0,1,0,0,0,0,0,0,0,1
155,1.2219,2,3,0,1,0,0,0,0,0,0,0,0,1
156,4.7068,17,2,1,0,0,0,0,0,0,0,0,0,1
157,3.6712,12,3,0,1,0,0,0,0,0,0,0,0,1
158,1.9562,5,1,0,1,0,0,0,0,0,0,0,0,0
159,0.0027,3,1,0,1,0,0,0,0,0,0,0,0,0
160,4.0301,5,1,0,0,0,0,0,0,0,0,0,1,1
161,4.6548,0,2,0,0,0,0,0,0,0,0,0,1,1
162,5.9562,5,1,0,0,0,0,0,0,0,1,0,0,1
163,6.6137,5,0,0,0,0,1,0,0,0,0,0,0,1
164,3.4301,4,2,1,0,0,0,0,0,0,0,0,0,1
165,2.6685,11,3,0,0,0,0,0,0,0,0,0,1,1
166,2.0685,6,3,0,0,0,0,1,0,0,0,0,0,1
167,0.0,2,1,0,1,0,0,0,0,0,0,0,0,0
168,3.6055,5,3,0,0,1,0,0,0,0,0,0,0,1
169,2.8055,6,2,0,0,0,0,0,1,0,0,0,0,1
170,4.9178,30,5,0,1,0,0,0,0,0,0,0,0,1
171,4.0027,8,3,0,0,0,0,0,0,0,0,0,1,1
172,1.189,5,3,0,0,1,0,0,0,0,0,0,0,1
173,6.2301,7,0,0,0,0,0,0,0,0,0,0,1,1
174,4.8795,5,1,1,0,0,0,0,0,0,0,0,0,1
175,1.5808,14,2,0,0,0,1,0,0,0,0,0,0,0
176,1.7644,6,1,0,0,0,1,0,0,0,0,0,0,1
177,2.2849,5,2,0,0,0,0,0,0,0,0,0,1,1
178,3.6329,4,4,0,0,0,0,0,0,1,0,0,0,0
179,3.9699,13,4,1,0,0,0,0,0,0,0,0,0,1
180,8.1014,3,0,0,0,0,0,1,0,0,0,0,0,1
181,2.4219,21,3,0,1,0,0,0,0,0,0,0,0,1
182,7.1342,8,1,0,0,0,0,0,0,0,0,0,1,1
183,4.6329,13,0,1,0,0,0,0,0,0,0,0,0,1
184,1.5863,2,0,0,0,1,0,0,0,0,0,0,0,1
185,10.5315,0,0,0,0,1,0,0,0,0,0,0,0,1
186,3.8685,7,2,0,0,0,1,0,0,0,0,0,0,1
187,8.2877,5,1,0,1,0,0,0,0,0,0,0,0,0
188,8.1288,4,1,0,0,0,1,0,0,0,0,0,0,0
189,1.1425,15,1,0,0,0,0,0,0,0,0,0,1,1
190,6.3151,4,1,1,0,0,0,0,0,0,0,0,0,1
191,2.7507,5,2,0,0,0,0,0,1,0,0,0,0,1
192,7.3507,2,1,1,0,0,0,0,0,0,0,0,0,1
193,3.0384,7,2,0,1,0,0,0,0,0,0,0,0,1
194,0.8932,8,4,0,1,0,0,0,0,0,0,0,0,1
195,4.4247,15,4,0,0,0,0,0,1,0,0,0,0,1
196,5.0027,16,2,0,0,0,0,1,0,0,0,0,0,1
197,5.5836,2,0,0,0,0,0,0,0,0,0,0,1,1
198,5.4438,3,0,0,0,0,0,0,0,0,0,0,1,1
199,5.5589,10,1,1,0,0,0,0,0,0,0,0,0,1
200,0.4685,5,3,0,0,1,0,0,0,0,0,0,0,1
201,0.0,1,0,0,1,0,0,0,0,0,0,0,0,0
202,5.5616,8,3,0,0,0,1,0,0,0,0,0,0,1
203,8.3397,4,5,0,0,0,1,0,0,0,0,0,0,1
204,3.211,4,3,0,0,0,0,1,0,0,0,0,0,1
205,2.2055,12,6,0,1,0,0,0,0,0,0,0,0,1
206,1.4986,3,4,0,1,0,0,0,0,0,0,0,0,1
207,0.0,3,0,0,0,0,0,0,0,0,0,0,1,0
208,8.6411,10,2,0,0,0,0,1,0,0,0,0,0,0
209,10.3151,0,0,0,0,0,0,0,0,0,0,0,1,0
210,4.0301,3,0,1,0,0,0,0,0,0,0,0,0,1
211,2.0849,4,3,0,0,0,0,1,0,0,0,0,0,1
212,1.5616,6,3,0,0,0,0,0,0,0,0,0,1,1
213,2.4493,0,0,1,0,0,0,0,0,0,0,0,0,0
214,11.3342,3,0,0,0,0,0,0,0,0,1,0,0,1
215,10.4082,5,0,0,0,0,0,0,0,0,0,0,1,1
216,9.1178,33,4,1,0,0,0,0,0,0,0,0,0,1
217,3.737,14,3,0,1,0,0,0,0,0,0,0,0,1
218,2.4356,7,2,0,0,0,0,0,0,0,0,0,1,1
219,4.0384,10,1,0,0,0,0,1,0,0,0,0,0,0
220,2.0959,6,3,0,0,0,0,1,0,0,0,0,0,1
221,6.0932,3,2,1,0,0,0,0,0,0,0,0,0,1
222,1.2493,6,1,0,0,0,0,0,0,1,0,0,0,0
223,0.0,4,1,0,0,0,0,0,0,0,0,0,1,0
224,0.463,16,2,0,0,0,1,0,0,0,0,0,0,1
225,4.3863,7,2,0,0,0,0,0,0,0,0,0,1,1
226,4.2384,1,0,0,0,0,0,0,0,0,1,0,0,1
227,1.4712,5,2,0,0,0,0,0,0,1,0,0,0,1
228,5.8356,25,2,0,0,0,0,1,0,0,0,0,0,1
229,5.8493,4,1,0,0,0,0,0,0,0,0,0,1,1
230,2.189,32,0,0,0,0,0,0,0,0,0,0,1,1
231,1.4658,12,3,0,0,0,1,0,0,0,0,0,0,1
232,1.4986,9,1,1,0,0,0,0,0,0,0,0,0,1
233,6.6795,7,1,1,0,0,0,0,0,0,0,0,0,0
234,-0.2466,9,4,0,0,1,0,0,0,0,0,0,0,0
235,5.1397,2,1,0,0,0,0,1,0,0,0,0,0,0
236,1.0877,15,2,0,0,0,0,1,0,0,0,0,0,1
237,2.1479,2,1,0,1,0,0,0,0,0,0,0,0,0
238,1.3507,13,2,0,1,0,0,0,0,0,0,0,0,1
239,2.8329,17,4,0,0,0,0,1,0,0,0,0,0,1
240,0.6247,11,3,0,0,0,1,0,0,0,0,0,0,0
241,3.0082,4,0,1,0,0,0,0,0,0,0,0,0,0
242,2.1616,14,4,0,0,0,0,0,0,0,0,0,1,1
243,4.2301,8,2,0,0,0,0,1,0,0,0,0,0,0
244,6.2795,16,3,0,0,0,0,0,0,0,0,0,1,1
245,4.8247,1,1,0,0,1,0,0,0,0,0,0,0,1
246,3.1863,5,3,0,0,0,0,0,0,0,0,0,1,1
247,4.3973,6,1,0,0,0,1,0,0,0,0,0,0,1
248,1.5014,6,2,0,0,0,1,0,0,0,0,0,0,0
249,0.0,0,2,0,1,0,0,0,0,0,0,0,0,1
250,2.3452,0,0,0,0,0,0,0,0,0,0,0,1,0
251,4.326,12,5,0,0,1,0,0,0,0,0,0,0,1
252,5.5945,3,0,0,0,0,0,0,0,0,0,0,1,1
253,0.6712,3,2,0,0,0,0,0,1,0,0,0,0,0
254,1.0,6,3,0,0,1,0,0,0,0,0,0,0,1
255,8.3096,5,0,0,0,0,0,0,0,0,1,0,0,1
256,6.2274,8,2,0,0,0,0,0,0,0,1,0,0,1
257,1.726,8,2,0,0,0,1,0,0,0,0,0,0,1
258,5.7534,6,2,0,0,0,0,0,0,0,0,0,1,1
259,5.2521,11,2,0,0,0,0,0,1,0,0,0,0,1
260,5.9644,7,0,1,0,0,0,0,0,0,0,0,0,1
261,8.126,13,2,0,0,0,0,0,0,0,0,0,1,1
262,3.6027,2,1,0,0,0,0,0,0,0,0,0,1,1
263,-1.9863,3,0,0,0,0,0,0,0,0,0,0,1,0
264,16.4192,0,0,0,0,0,0,0,0,0,0,0,1,0
265,1.337,3,1,1,0,0,0,0,0,0,0,0,0,1
266,1.937,3,2,0,0,0,1,0,0,0,0,0,0,1
267,0.3699,5,4,0,0,0,0,0,0,0,0,0,1,1
268,5.5753,8,1,0,0,0,0,1,0,0,0,0,0,1
269,5.0712,3,2,0,0,1,0,0,0,0,0,0,0,1
270,5.8301,1,0,1,0,0,0,0,0,0,0,0,0,1
271,4.3836,10,2,0,0,1,0,0,0,0,0,0,0,1
272,0.4137,9,3,0,1,0,0,0,0,0,0,0,0,1
273,6.9671,11,3,0,0,0,0,0,0,0,0,0,1,1
274,9.3068,5,1,0,0,0,1,0,0,0,0,0,0,1
275,3.3014,8,2,0,0,0,0,0,0,0,0,0,1,0
276,1.9068,5,2,0,0,0,0,0,0,0,0,0,1,1
277,7.2904,1,0,0,0,0,0,0,0,0,1,0,0,1
278,1.0986,6,2,0,1,0,0,0,0,0,0,0,0,1
279,4.0055,2,1,1,0,0,0,0,0,0,0,0,0,1
280,0.0548,4,2,0,0,0,0,0,0,0,0,0,1,0
281,3.4274,4,2,1,0,0,0,0,0,0,0,0,0,1
282,5.063,10,2,0,0,0,0,1,0,0,0,0,0,1
283,0.0,2,1,0,0,0,0,0,1,0,0,0,0,0
284,-0.0849,3,0,0,0,0,0,0,0,0,0,0,1,0
285,2.7288,8,3,0,0,1,0,0,0,0,0,0,0,1
286,0.4712,12,2,0,1,0,0,0,0,0,0,0,0,0
287,4.0438,2,3,0,1,0,0,0,0,0,0,0,0,1
288,7.874,6,1,0,0,0,0,0,0,0,0,0,1,1
289,3.5452,27,5,0,0,0,0,0,0,0,0,0,1,1
290,5.0356,2,0,0,0,0,0,0,0,0,0,0,1,1
291,7.3151,6,1,0,0,0,0,0,0,0,1,0,0,1
292,1.0027,2,2,0,0,0,0,0,1,0,0,0,0,0
293,1.6712,3,0,0,0,0,0,0,0,0,0,0,1,0
294,4.9726,1,1,0,1,0,0,0,0,0,0,0,0,1
295,2.8247,1,2,1,0,0,0,0,0,0,0,0,0,0
296,3.2959,18,4,0,0,1,0,0,0,0,0,0,0,1
297,4.1041,4,0,0,0,0,1,0,0,0,0,0,0,1
298,4.3041,0,0,0,0,0,0,0,0,0,0,0,1,0
299,6.0329,1,0,0,0,0,0,0,0,0,0,0,1,1
300,0.0,5,2,0,0,1,0,0,0,0,0,0,0,0
301,2.5808,10,3,0,1,0,0,0,0,0,0,0,0,0
302,7.2521,23,4,0,0,0,0,0,1,0,0,0,0,1
303,0.5863,8,1,0,0,0,0,0,0,1,0,0,0,0
304,0.8027,5,2,0,1,0,0,0,0,0,0,0,0,1
305,6.2247,2,2,0,0,1,0,0,0,0,0,0,0,1
306,4.3699,0,0,0,0,0,0,0,0,0,0,0,1,0
307,1.0247,12,2,0,0,0,0,0,0,0,0,0,1,1
308,6.7534,57,8,0,0,0,0,0,0,0,0,0,1,1
309,5.863,9,4,0,0,0,0,0,0,0,0,0,1,1
310,3.8795,12,2,0,0,0,0,0,0,0,0,0,1,1
311,7.5041,5,0,0,0,0,0,0,1,0,0,0,0,1
312,0.6658,20,0,0,0,0,0,0,0,0,0,0,1,1
313,3.0986,10,3,0,0,0,0,1,0,0,0,0,0,1
314,7.8247,16,3,0,1,0,0,0,0,0,0,0,0,1
315,4.4959,4,0,1,0,0,0,0,0,0,0,0,0,1
316,0.0849,1,1,0,1,0,0,0,0,0,0,0,0,0
317,2.7288,16,4,0,0,1,0,0,0,0,0,0,0,1
318,4.8521,5,1,0,0,0,0,0,0,0,0,0,1,1
319,3.7068,5,4,0,0,0,0,0,1,0,0,0,0,1
320,2.1288,9,4,0,1,0,0,0,0,0,0,0,0,1
321,3.0466,9,2,0,0,0,0,0,0,0,0,0,1,1
322,10.1288,35,3,0,0,0,0,0,0,0,0,0,1,1
323,3.0712,16,2,0,0,0,0,0,0,0,0,0,1,1
324,0.7041,5,3,0,0,0,0,0,0,0,0,0,1,1
325,1.4055,3,2,0,0,0,0,0,1,0,0,0,0,1
326,1.8658,2,2,0,0,0,0,0,0,0,0,0,1,1
327,2.2164,5,4,0,0,1,0,0,0,0,0,0,0,1
328,5.7534,13,3,0,0,0,0,0,0,0,0,0,1,1
329,6.3945,15,1,1,0,0,0,0,0,0,0,0,0,1
330,6.5753,10,1,0,0,0,1,0,0,0,0,0,0,1
331,8.5342,3,2,0,0,0,0,0,0,0,0,0,1,1
332,3.0849,7,3,0,0,0,0,0,0,0,0,0,1,1
333,11.4329,1,0,0,0,0,0,0,0,0,0,0,1,1
334,3.4767,8,3,0,0,0,0,0,0,0,0,0,1,1
335,2.6384,13,4,0,1,0,0,0,0,0,0,0,0,1
336,0.0,3,1,0,0,0,0,0,0,0,0,0,1,0
337,3.3562,9,5,0,1,0,0,0,0,0,0,0,0,1
338,3.9562,24,3,0,0,0,1,0,0,0,0,0,0,1
339,7.1534,10,2,0,0,0,0,1,0,0,0,0,0,1
340,-0.4137,10,4,0,0,0,0,0,1,0,0,0,0,1
341,3.6904,6,2,0,0,0,1,0,0,0,0,0,0,1
342,7.2274,5,1,0,0,0,1,0,0,0,0,0,0,0
343,5.011,2,0,0,0,0,0,0,0,0,1,0,0,1
344,0.8027,4,1,1,0,0,0,0,0,0,0,0,0,0
345,1.3781,7,2,0,1,0,0,0,0,0,0,0,0,1
346,12.4055,9,2,0,0,0,0,0,1,0,0,0,0,1
347,2.0027,4,0,0,1,0,0,0,0,0,0,0,0,0
348,6.9671,19,2,0,0,0,0,0,0,0,0,0,1,1
349,7.1205,3,0,0,0,0,0,0,0,0,0,0,1,1
350,0.3288,3,1,0,1,0,0,0,0,0,0,0,0,0
351,2.1781,3,2,0,0,1,0,0,0,0,0,0,0,0
352,5.0192,1,0,0,0,0,0,0,0,0,1,0,0,1
353,2.5151,0,0,0,0,0,1,0,0,0,0,0,0,1
354,4.2219,18,3,0,0,0,0,1,0,0,0,0,0,1
355,3.4247,14,5,0,0,0,0,0,0,0,0,0,1,1
356,1.7671,6,5,1,0,0,0,0,0,0,0,0,0,1
357,2.8493,7,3,0,0,0,1,0,0,0,0,0,0,1
358,7.5041,45,3,0,0,1,0,0,0,0,0,0,0,1
359,3.8438,18,1,0,0,1,0,0,0,0,0,0,0,1
360,6.4192,26,1,1,0,0,0,0,0,0,0,0,0,1
361,2.5973,7,2,0,0,0,1,0,0,0,0,0,0,1
362,5.7534,4,2,1,0,0,0,0,0,0,0,0,0,1
363,3.937,5,4,0,0,1,0,0,0,0,0,0,0,0
364,9.4164,19,2,0,0,1,0,0,0,0,0,0,0,1
365,6.9699,6,2,0,0,0,0,0,0,0,0,0,1,1
366,1.4055,4,1,0,0,0,0,0,0,0,0,0,1,1
367,3.3534,3,0,0,0,0,0,1,0,0,0,0,0,1
368,3.1452,3,4,0,0,0,0,0,0,0,0,0,1,0
369,4.7753,2,1,1,0,0,0,0,0,0,0,0,0,1
370,4.7397,22,5,0,0,0,1,0,0,0,0,0,0,1
371,2.0685,3,1,1,0,0,0,0,0,0,0,0,0,1
372,2.0932,4,2,0,1,0,0,0,0,0,0,0,0,0
373,2.1123,23,2,0,0,0,0,0,0,0,0,0,1,1
374,7.9315,7,5,0,0,1,0,0,0,0,0,0,0,1
375,0.3616,9,3,0,0,0,0,0,0,1,0,0,0,0
376,5.4904,14,2,0,0,0,0,0,0,0,0,0,1,1
377,4.8192,21,3,0,0,0,0,0,0,0,0,0,1,1
378,3.4411,6,2,1,0,0,0,0,0,0,0,0,0,1
379,5.0055,23,6,0,0,1,0,0,0,0,0,0,0,1
380,2.0548,8,3,0,0,0,0,1,0,0,0,0,0,1
381,1.874,13,2,0,0,0,0,0,0,0,0,0,1,1
382,1.1479,14,2,0,1,0,0,0,0,0,0,0,0,1
383,5.1068,3,0,0,0,0,0,0,0,0,0,0,1,1
384,3.5945,17,4,0,0,0,0,0,0,0,0,0,1,1
385,1.4466,5,1,0,0,0,0,1,0,0,0,0,0,0
386,2.063,11,2,0,0,1,0,0,0,0,0,0,0,1
387,14.0329,3,2,1,0,0,0,0,0,0,0,0,0,1
388,8.2219,4,0,0,0,0,0,0,0,0,0,0,1,1
389,4.3753,1,2,0,0,0,0,0,0,0,0,0,1,1
390,2.1781,2,1,0,0,0,0,0,0,0,0,0,1,1
391,7.5863,35,5,0,0,0,0,0,0,0,0,1,0,1
392,3.8822,4,3,1,0,0,0,0,0,0,0,0,0,1
393,6.7479,3,1,0,0,0,0,0,0,0,1,0,0,1
394,8.9562,7,1,1,0,0,0,0,0,0,0,0,0,1
395,1.8986,21,3,0,1,0,0,0,0,0,0,0,0,1
396,6.3781,8,0,1,0,0,0,0,0,0,0,0,0,1
397,0.9151,15,4,0,1,0,0,0,0,0,0,0,0,1
398,5.0767,7,2,0,0,0,1,0,0,0,0,0,0,0
399,2.5397,9,3,0,0,0,0,0,0,0,0,0,1,1
400,2.4986,10,3,0,1,0,0,0,0,0,0,0,0,1
401,4.0027,5,3,0,0,1,0,0,0,0,0,0,0,1
402,4.2959,3,1,1,0,0,0,0,0,0,0,0,0,1
403,4.4904,2,0,0,0,0,0,0,0,0,0,0,1,1
404,8.2548,6,0,0,0,1,0,0,0,0,0,0,0,1
405,4.2795,7,2,1,0,0,0,0,0,0,0,0,0,1
406,1.926,2,1,0,0,0,1,0,0,0,0,0,0,1
407,5.2329,31,3,0,0,0,0,0,0,0,0,0,1,1
408,2.5233,5,3,0,0,0,0,0,0,0,0,0,1,1
409,5.2247,5,3,1,0,0,0,0,0,0,0,0,0,1
410,1.4137,1,1,0,0,0,0,0,0,0,0,0,1,1
411,7.1973,3,2,0,0,0,0,0,0,1,0,0,0,1
412,1.4959,5,1,0,0,0,0,0,0,0,0,0,1,1
413,1.1644,16,4,0,1,0,0,0,0,0,0,0,0,1
414,1.6521,6,2,0,1,0,0,0,0,0,0,0,0,1
415,1.2466,4,4,0,0,0,0,0,1,0,0,0,0,1
416,2.326,8,2,0,0,1,0,0,0,0,0,0,0,1
417,0.0,2,1,0,0,0,0,0,1,0,0,0,0,0
418,7.3753,6,1,0,0,0,0,0,0,0,0,0,1,1
419,11.1699,3,2,0,0,0,0,0,0,0,0,0,1,1
420,0.2301,5,0,0,0,1,0,0,0,0,0,0,0,1
421,1.0849,3,3,1,0,0,0,0,0,0,0,0,0,1
422,3.5808,3,3,0,1,0,0,0,0,0,0,0,0,1
423,0.7726,3,2,0,1,0,0,0,0,0,0,0,0,0
424,5.0027,3,1,1,0,0,0,0,0,0,0,0,0,1
425,1.4521,0,0,0,1,0,0,0,0,0,0,0,0,0
426,1.0,3,1,0,0,1,0,0,0,0,0,0,0,1
427,2.6959,5,2,0,0,1,0,0,0,0,0,0,0,0
428,3.7945,21,0,0,0,0,0,1,0,0,0,0,0,0
429,2.3041,4,3,0,0,0,0,0,0,0,0,0,1,1
430,2.737,11,2,0,1,0,0,0,0,0,0,0,0,1
431,-0.137,0,0,0,1,0,0,0,0,0,0,0,0,0
432,0.0,9,2,0,0,0,0,0,0,0,0,0,1,0
433,6.263,2,1,1,0,0,0,0,0,0,0,0,0,0
434,0.8329,3,1,0,0,0,0,0,1,0,0,0,0,1
435,4.0849,3,0,0,0,0,0,0,0,0,1,0,0,0
436,0.5288,4,2,0,0,0,0,0,0,0,0,0,1,1
437,2.5068,15,2,0,0,0,0,0,0,0,0,0,1,1
438,5.5589,0,0,1,0,0,0,0,0,0,0,0,0,0
439,7.1973,6,3,1,0,0,0,0,0,0,0,0,0,1
440,0.2959,3,2,0,1,0,0,0,0,0,0,0,0,1
441,8.3479,4,0,0,0,0,0,0,0,0,0,0,1,1
442,0.1671,4,2,0,0,0,0,0,0,0,0,0,1,1
443,5.8849,29,4,0,1,0,0,0,0,0,0,0,0,1
444,3.1781,6,1,0,0,0,0,0,0,0,0,0,1,1
445,2.0055,1,1,0,0,0,0,0,0,1,0,0,0,1
446,9.3836,13,1,1,0,0,0,0,0,0,0,0,0,1
447,9.0,10,1,0,0,0,0,0,0,0,0,0,1,1
448,1.1507,7,0,0,0,0,0,1,0,0,0,0,0,1
449,9.3616,5,2,0,0,0,1,0,0,0,0,0,0,1
450,5.6548,0,0,1,0,0,0,0,0,0,0,0,0,1
451,7.926,1,2,1,0,0,0,0,0,0,0,0,0,1
452,5.3507,6,0,0,0,0,0,0,1,0,0,0,0,1
453,4.2795,5,2,0,0,1,0,0,0,0,0,0,0,1
454,4.2219,6,1,1,0,0,0,0,0,0,0,0,0,1
455,2.4192,5,4,0,1,0,0,0,0,0,0,0,0,1
456,0.7479,3,0,0,0,0,0,1,0,0,0,0,0,0
457,1.9041,13,3,0,0,0,0,0,0,0,0,0,1,0
458,6.0356,19,4,0,1,0,0,0,0,0,0,0,0,1
459,0.7425,22,4,0,1,0,0,0,0,0,0,0,0,1
460,0.0164,3,0,0,1,0,0,0,0,0,0,0,0,0
461,9.0055,10,3,0,0,1,0,0,0,0,0,0,0,1
462,3.6493,10,1,0,1,0,0,0,0,0,0,0,0,1
463,5.611,9,1,1,0,0,0,0,0,0,0,0,0,1
464,9.3808,10,1,0,0,0,0,0,0,0,0,0,1,1
465,9.9479,3,1,0,0,0,0,0,1,0,0,0,0,1
466,2.5178,7,1,0,0,0,0,0,0,0,0,0,1,1
467,2.0,8,3,0,0,1,0,0,0,0,0,0,0,1
468,0.0,2,1,0,0,0,0,0,0,0,0,0,1,0
469,3.3945,13,3,0,0,0,0,0,0,0,0,0,1,1
470,0.1205,6,2,0,1,0,0,0,0,0,0,0,0,1
471,0.2849,2,2,0,0,0,0,1,0,0,0,0,0,1
472,1.8301,4,2,0,0,0,0,0,0,0,0,0,1,1
473,2.5123,9,4,0,0,0,0,0,0,0,0,0,1,1
474,3.1342,16,2,0,0,0,1,0,0,0,0,0,0,1
475,1.6356,7,2,0,1,0,0,0,0,0,0,0,0,0
476,5.9507,1,0,0,0,0,0,0,0,0,0,0,1,1
477,1.5863,4,2,0,1,0,0,0,0,0,0,0,0,0
478,2.5616,7,1,1,0,0,0,0,0,0,0,0,0,1
479,5.211,4,0,0,0,0,0,0,0,0,0,0,1,1
480,10.9068,5,1,1,0,0,0,0,0,0,0,0,0,0
481,5.0356,10,1,1,0,0,0,0,0,0,0,0,0,1
482,4.0192,5,1,1,0,0,0,0,0,0,0,0,0,1
483,2.7945,5,2,0,0,0,0,0,0,0,0,0,1,1
484,3.1808,1,0,0,0,0,0,0,0,0,0,0,1,1
485,3.5452,4,1,0,0,1,0,0,0,0,0,0,0,0
486,3.326,11,3,0,0,0,0,0,0,0,0,0,1,1
487,1.3973,1,0,0,0,0,0,0,0,0,0,0,1,0
488,4.211,27,4,0,1,0,0,0,0,0,0,0,0,1
489,-1.1836,1,1,0,1,0,0,0,0,0,0,0,0,0
490,1.1616,63,6,0,0,0,0,0,1,0,0,0,0,1
491,0.8904,15,2,0,0,1,0,0,0,0,0,0,0,1
492,0.7151,2,2,0,0,0,0,0,0,1,0,0,0,1
493,0.7425,9,2,0,0,0,0,0,0,0,0,0,1,1
494,2.4274,8,2,0,1,0,0,0,0,0,0,0,0,1
495,4.3863,15,0,0,0,0,0,0,0,0,1,0,0,1
496,0.6658,2,1,0,0,0,0,0,0,0,0,0,1,0
497,11.9041,29,3,1,0,0,0,0,0,0,0,0,0,1
498,6.7342,3,2,0,0,0,0,0,0,0,0,0,1,0
499,0.8712,4,2,0,0,0,0,0,1,0,0,0,0,0
500,1.4219,5,1,0,0,0,1,0,0,0,0,0,0,0
501,0.4438,2,1,0,1,0,0,0,0,0,0,0,0,1
502,3.3288,16,4,0,1,0,0,0,0,0,0,0,0,1
503,4.6767,0,1,0,1,0,0,0,0,0,0,0,0,1
504,0.6548,3,0,1,0,0,0,0,0,0,0,0,0,1
505,16.9863,7,2,0,0,0,0,0,0,0,0,0,1,1
506,7.0904,5,3,0,0,0,0,1,0,0,0,0,0,0
507,8.8795,7,2,0,0,0,0,0,0,0,0,0,1,1
508,4.6027,15,3,0,0,1,0,0,0,0,0,0,0,1
509,3.1425,30,5,0,1,0,0,0,0,0,0,0,0,1
510,0.8712,1,0,1,0,0,0,0,0,0,0,0,0,0
511,6.263,10,1,0,0,0,0,0,0,0,0,0,1,1
512,0.4329,6,2,0,0,0,0,0,0,0,0,0,1,1
513,3.8329,16,4,0,1,0,0,0,0,0,0,0,0,1
514,3.0877,6,1,0,0,0,0,1,0,0,0,0,0,1
515,3.2877,13,4,0,0,0,0,0,0,0,0,0,1,1
516,5.0027,2,2,0,1,0,0,0,0,0,0,0,0,1
517,3.3863,17,4,0,1,0,0,0,0,0,0,0,0,1
518,2.1644,42,6,0,0,0,0,1,0,0,0,0,0,1
519,2.0301,5,2,0,0,0,0,0,0,1,0,0,0,1
520,0.3397,9,3,0,0,0,0,0,0,0,0,0,1,1
521,4.0301,6,4,0,1,0,0,0,0,0,0,0,0,1
522,4.5863,1,0,0,0,0,0,0,0,0,1,0,0,1
523,7.3288,4,1,1,0,0,0,0,0,0,0,0,0,1
524,2.2795,3,1,0,1,0,0,0,0,0,0,0,0,0
525,2.3863,5,0,1,0,0,0,0,0,0,0,0,0,1
526,0.7479,5,2,0,0,0,0,0,0,0,0,0,1,1
527,4.9342,2,1,0,0,0,0,0,0,0,0,0,1,1
528,4.8521,10,4,0,0,0,0,0,1,0,0,0,0,1
529,6.0822,2,1,0,0,0,0,0,0,0,0,0,1,0
530,0.7123,5,3,0,1,0,0,0,0,0,0,0,0,1
531,0.0164,1,1,0,0,0,0,1,0,0,0,0,0,0
532,10.8192,28,1,1,0,0,0,0,0,0,0,0,0,0
533,5.6712,9,1,1,0,0,0,0,0,0,0,0,0,1
534,5.0082,2,0,1,0,0,0,0,0,0,0,0,0,0
535,3.1562,0,0,0,0,0,0,0,0,0,0,0,1,1
536,-0.9178,4,0,0,1,0,0,0,0,0,0,0,0,0
537,5.537,0,1,0,0,0,0,0,1,0,0,0,0,1
538,4.6932,13,3,1,0,0,0,0,0,0,0,0,0,1
539,4.589,21,2,1,0,0,0,0,0,0,0,0,0,1
540,4.3041,12,4,0,0,0,0,0,1,0,0,0,0,1
541,8.2712,15,5,1,0,0,0,0,0,0,0,0,0,1
542,1.6575,1,1,0,0,0,0,0,1,0,0,0,0,0
543,3.2493,19,3,0,0,0,1,0,0,0,0,0,0,1
544,2.6493,1,1,0,0,0,0,0,1,0,0,0,0,1
545,3.3808,5,1,0,0,0,0,0,0,0,0,0,1,1
546,10.2082,2,1,0,0,0,0,0,0,0,0,0,1,1
547,2.1726,4,3,0,0,0,0,0,0,0,0,0,1,1
548,1.8712,14,2,1,0,0,0,0,0,0,0,0,0,1
549,3.7562,2,3,0,0,1,0,0,0,0,0,0,0,1
550,8.4493,1,0,0,0,0,0,0,0,0,1,0,0,1
551,7.3918,5,1,1,0,0,0,0,0,0,0,0,0,1
552,1.1589,3,3,0,1,0,0,0,0,0,0,0,0,1
553,1.7644,5,2,0,0,0,0,0,0,0,0,0,1,1
554,0.6411,11,2,0,0,0,0,0,0,0,0,0,1,1
555,2.3863,37,3,0,0,0,0,0,1,0,0,0,0,1
556,2.7507,9,2,0,0,0,1,0,0,0,0,0,0,1
557,3.8521,11,4,0,0,0,0,0,0,0,0,0,1,1
558,-9.0466,6,2,0,0,0,0,1,0,0,0,0,0,0
559,4.6603,9,2,1,0,0,0,0,0,0,0,0,0,1
560,1.1671,19,4,0,0,0,0,1,0,0,0,0,0,1
561,6.4767,4,0,0,0,0,0,1,0,0,0,0,0,1
562,0.7836,13,3,0,0,0,1,0,0,0,0,0,0,1
563,0.7945,7,4,0,1,0,0,0,0,0,0,0,0,0
564,5.1781,2,2,1,0,0,0,0,0,0,0,0,0,1
565,1.8,8,1,0,1,0,0,0,0,0,0,0,0,1
566,0.8493,3,1,1,0,0,0,0,0,0,0,0,0,1
567,-0.0082,12,3,0,0,0,1,0,0,0,0,0,0,1
568,1.8822,2,1,1,0,0,0,0,0,0,0,0,0,1
569,1.4493,2,1,0,0,1,0,0,0,0,0,0,0,1
570,5.1562,7,2,1,0,0,0,0,0,0,0,0,0,1
571,3.3315,0,0,1,0,0,0,0,0,0,0,0,0,0
572,5.5616,5,1,0,0,0,0,0,0,0,0,0,1,1
573,6.4164,11,2,0,0,1,0,0,0,0,0,0,0,1
574,4.4712,6,1,1,0,0,0,0,0,0,0,0,0,1
575,3.1562,8,2,0,0,0,0,0,1,0,0,0,0,1
576,5.1644,0,0,0,0,0,0,0,0,0,0,0,1,1
577,1.1753,1,1,1,0,0,0,0,0,0,0,0,0,1
578,1.0685,4,3,0,0,0,0,1,0,0,0,0,0,1
579,4.6521,1,1,0,0,0,0,0,0,0,0,0,1,1
580,9.3616,16,1,0,0,0,0,0,0,0,1,0,0,1
581,10.137,2,1,0,0,0,1,0,0,0,0,0,0,1
582,5.1507,6,1,0,0,0,0,0,0,0,0,0,1,1
583,2.2329,8,2,0,0,0,1,0,0,0,0,0,0,1
584,0.3945,5,2,0,1,0,0,0,0,0,0,0,0,1
585,0.2986,1,1,0,0,0,0,0,0,1,0,0,0,0
586,5.3014,27,3,0,0,0,0,0,0,1,0,0,0,1
587,0.1534,4,0,0,1,0,0,0,0,0,0,0,0,0
588,6.5836,3,1,0,0,0,0,0,0,0,0,0,1,1
589,2.8356,7,3,0,0,0,0,0,0,0,0,0,1,1
590,3.4712,38,3,0,0,0,1,0,0,0,0,0,0,1
591,3.3068,6,2,0,1,0,0,0,0,0,0,0,0,1
592,4.0466,4,1,1,0,0,0,0,0,0,0,0,0,1
593,6.389,2,1,0,0,0,0,0,0,0,0,0,1,1
594,2.8137,14,3,0,0,1,0,0,0,0,0,0,0,1
595,2.474,19,1,0,0,0,1,0,0,0,0,0,0,1
596,3.3863,4,2,0,0,0,1,0,0,0,0,0,0,0
597,1.1479,5,3,0,0,0,0,0,0,0,0,0,1,1
598,6.3918,4,1,0,0,0,0,0,0,0,1,0,0,1
599,4.9671,10,2,1,0,0,0,0,0,0,0,0,0,1
600,2.4521,3,2,0,0,0,0,0,0,0,0,0,1,1
601,3.6493,2,0,1,0,0,0,0,0,0,0,0,0,1
602,7.4356,25,0,0,0,0,0,1,0,0,0,0,0,1
603,-0.0027,2,1,0,1,0,0,0,0,0,0,0,0,0
604,6.474,3,1,0,0,0,0,0,0,0,0,0,1,1
605,8.0356,9,1,1,0,0,0,0,0,0,0,0,0,1
606,12.3671,11,2,1,0,0,0,0,0,0,0,0,0,1
607,1.0,4,3,0,1,0,0,0,0,0,0,0,0,0
608,3.0575,3,1,0,1,0,0,0,0,0,0,0,0,1
609,2.3425,8,3,0,0,1,0,0,0,0,0,0,0,1
610,1.9178,13,3,0,1,0,0,0,0,0,0,0,0,1
611,4.2192,0,0,0,0,0,0,0,0,0,0,0,1,0
612,3.389,7,1,1,0,0,0,0,0,0,0,0,0,1
613,3.0027,7,3,0,0,0,0,0,0,0,0,0,1,0
614,2.7178,17,2,0,1,0,0,0,0,0,0,0,0,1
615,2.0027,12,2,0,0,0,1,0,0,0,0,0,0,1
616,3.4192,19,4,0,0,0,1,0,0,0,0,0,0,1
617,0.4932,8,1,0,0,0,0,0,0,0,0,0,1,0
618,1.5808,1,1,0,1,0,0,0,0,0,0,0,0,0
619,7.3945,4,1,0,0,0,0,0,0,0,1,0,0,0
620,4.0712,3,1,1,0,0,0,0,0,0,0,0,0,1
621,5.6438,9,2,0,0,0,0,0,0,0,0,0,1,1
622,3.5562,3,1,0,0,0,0,0,0,0,1,0,0,1
623,7.2822,5,1,1,0,0,0,0,0,0,0,0,0,1
624,3.7534,7,3,0,0,0,0,1,0,0,0,0,0,0
625,4.2219,4,0,0,0,0,0,0,0,0,0,0,1,1
626,4.9562,2,0,0,0,0,0,0,0,0,0,0,1,1
627,3.9425,3,1,0,0,0,0,0,0,0,0,0,1,1
628,4.3534,7,3,0,0,0,0,0,1,0,0,0,0,1
629,3.6082,8,3,0,0,0,0,0,1,0,0,0,0,1
630,0.7671,1,1,0,0,0,0,0,0,0,0,0,1,0
631,1.8822,5,3,0,0,0,0,0,0,0,0,0,1,1
632,6.0356,16,2,0,0,0,0,0,0,0,0,0,1,1
633,4.8438,22,5,0,0,0,1,0,0,0,0,0,0,1
634,1.3096,3,2,0,0,0,0,0,0,1,0,0,0,1
635,1.3342,6,0,1,0,0,0,0,0,0,0,0,0,1
636,3.6438,2,1,0,0,0,0,0,0,0,0,0,1,1
637,10.3644,4,1,0,0,0,0,0,0,0,0,0,1,1
638,1.1315,12,2,0,0,0,0,0,1,0,0,0,0,1
639,4.5397,0,0,0,0,0,0,0,0,0,0,0,1,1
640,1.0932,6,2,1,0,0,0,0,0,0,0,0,0,1
641,0.4192,5,0,1,0,0,0,0,0,0,0,0,0,0
642,4.2548,13,2,0,0,0,0,0,0,0,0,0,1,1
643,4.3945,5,2,1,0,0,0,0,0,0,0,0,0,1
644,5.337,21,3,0,0,1,0,0,0,0,0,0,0,1
645,3.0877,4,1,0,0,0,0,0,0,0,0,0,1,1
646,4.8329,18,3,0,0,0,1,0,0,0,0,0,0,1
647,7.937,10,3,0,0,0,1,0,0,0,0,0,0,1
648,1.3342,3,2,0,1,0,0,0,0,0,0,0,0,1
649,3.674,24,4,0,1,0,0,0,0,0,0,0,0,1
650,6.7342,3,0,0,0,0,0,0,0,0,0,0,1,1
651,2.4548,2,1,1,0,0,0,0,0,0,0,0,0,0
652,10.2712,22,1,0,0,0,0,0,0,0,0,0,1,1
653,5.3726,9,1,0,1,0,0,0,0,0,0,0,0,1
654,5.6712,4,2,1,0,0,0,0,0,0,0,0,0,1
655,5.663,4,1,0,0,0,0,0,0,0,1,0,0,1
656,6.1342,5,1,0,0,0,0,0,0,0,0,0,1,1
657,2.0959,6,3,0,0,0,0,1,0,0,0,0,0,1
658,3.5123,1,1,0,0,0,0,0,0,0,0,0,1,1
659,5.8493,3,1,0,0,0,0,0,0,0,0,0,1,1
660,2.0,2,1,0,0,0,1,0,0,0,0,0,0,0
661,14.9726,4,1,0,0,0,0,0,0,0,1,0,0,1
662,7.4575,7,1,0,0,0,0,0,0,0,1,0,0,1
663,5.4247,0,0,0,0,0,0,0,0,0,0,0,1,1
664,4.6877,12,2,0,0,1,0,0,0,0,0,0,0,1
665,2.6329,5,2,1,0,0,0,0,0,0,0,0,0,1
666,0.6685,2,1,0,0,0,0,0,0,0,0,0,1,0
667,1.3151,30,3,0,1,0,0,0,0,0,0,0,0,1
668,1.8164,7,2,0,1,0,0,0,0,0,0,0,0,1
669,5.5452,9,1,0,0,0,0,0,0,0,1,0,0,1
670,1.0986,5,3,0,0,0,0,0,0,0,0,0,1,1
671,2.4877,18,3,0,0,1,0,0,0,0,0,0,0,1
672,2.0082,12,3,0,0,0,1,0,0,0,0,0,0,1
673,7.8603,2,0,0,0,0,0,0,0,0,1,0,0,1
674,2.0712,9,1,1,0,0,0,0,0,0,0,0,0,1
675,21.8959,1,1,1,0,0,0,0,0,0,0,0,0,0
676,0.2055,1,1,0,0,0,0,0,1,0,0,0,0,1
677,2.4603,17,4,0,0,0,0,1,0,0,0,0,0,1
678,4.9726,4,2,0,1,0,0,0,0,0,0,0,0,1
679,0.8329,3,0,0,0,0,0,0,0,0,0,0,1,1
680,8.9562,10,1,0,0,0,0,0,0,0,0,0,1,1
681,2.5589,11,2,0,0,0,0,0,1,0,0,0,0,1
682,2.4822,1,2,0,0,1,0,0,0,0,0,0,0,1
683,4.9205,6,5,0,1,0,0,0,0,0,0,0,0,1
684,6.0055,2,1,0,0,0,0,0,0,0,0,0,1,1
685,0.7781,5,3,0,0,0,0,0,0,0,0,0,1,0
686,6.9452,6,2,0,0,0,0,0,0,0,0,0,1,1
687,2.6411,6,2,0,0,0,0,0,0,0,0,0,1,1
688,2.9973,9,2,0,0,0,0,1,0,0,0,0,0,1
689,1.5041,7,2,0,0,0,0,0,0,0,0,0,1,1
690,0.6904,6,2,0,0,0,0,0,0,1,0,0,0,1
691,3.2438,5,4,0,0,0,0,0,1,0,0,0,0,1
692,3.1644,6,1,1,0,0,0,0,0,0,0,0,0,1
693,10.2548,18,3,0,0,0,1,0,0,0,0,0,0,1
694,6.4192,6,2,0,0,0,0,0,0,0,0,0,1,1
695,2.6438,8,3,0,0,0,1,0,0,0,0,0,0,1
696,1.8849,4,2,0,0,0,0,0,0,0,0,0,1,1
697,0.4301,6,1,1,0,0,0,0,0,0,0,0,0,1
698,3.9178,8,2,1,0,0,0,0,0,0,0,0,0,1
699,4.1644,19,4,0,0,1,0,0,0,0,0,0,0,1
700,5.4767,5,0,0,0,0,0,0,0,0,0,0,1,1
701,3.7644,10,3,1,0,0,0,0,0,0,0,0,0,1
702,-0.5014,1,0,0,0,0,0,0,0,0,0,0,1,0
703,0.1671,3,1,0,0,0,0,1,0,0,0,0,0,0
704,5.0685,2,0,0,0,0,0,0,0,0,0,0,1,1
705,0.8164,0,0,0,0,0,0,1,0,0,0,0,0,0
706,9.337,2,1,1,0,0,0,0,0,0,0,0,0,1
707,6.7534,2,1,0,0,0,0,1,0,0,0,0,0,1
708,6.3151,1,1,0,0,0,0,0,0,0,0,0,1,1
709,7.5342,8,3,0,1,0,0,0,0,0,0,0,0,1
710,0.8329,5,2,0,0,0,0,0,0,0,0,0,1,0
711,4.8082,4,2,0,1,0,0,0,0,0,0,0,0,1
712,4.4301,5,3,0,0,1,0,0,0,0,0,0,0,0
713,2.6247,1,3,0,0,0,0,0,0,0,0,0,1,1
714,8.3014,6,1,0,0,0,0,0,0,0,0,0,1,1
715,0.789,2,1,0,0,0,0,0,0,0,0,0,1,0
716,0.5808,5,3,0,0,0,0,0,0,0,0,0,1,1
717,2.4384,10,2,0,0,0,1,0,0,0,0,0,0,1
718,13.0877,4,3,0,0,0,1,0,0,0,0,0,0,0
719,10.8795,3,1,0,0,0,0,0,0,0,0,0,1,1
720,6.3644,13,3,0,0,0,0,0,0,0,0,0,1,1
721,0.0,2,0,0,1,0,0,0,0,0,0,0,0,0
722,0.7534,13,2,0,0,0,0,1,0,0,0,0,0,1
723,5.1315,15,2,0,0,0,0,0,0,0,0,0,1,1
724,0.3699,3,0,0,0,0,0,0,0,0,0,0,1,1
725,2.0767,4,1,0,0,0,0,0,0,0,1,0,0,1
726,4.9671,10,2,1,0,0,0,0,0,0,0,0,0,1
727,7.0795,25,3,0,0,0,1,0,0,0,0,0,0,1
728,7.2521,4,0,0,0,0,0,0,0,0,1,0,0,1
729,1.5863,5,3,0,0,0,1,0,0,0,0,0,0,1
730,5.6384,3,1,0,0,0,0,0,0,0,0,0,1,1
731,3.9205,2,0,0,0,0,0,0,0,1,0,0,0,1
732,9.4959,13,0,0,0,0,0,0,0,0,0,0,1,1
733,1.6466,4,0,1,0,0,0,0,0,0,0,0,0,1
734,0.8986,12,3,0,0,0,0,0,0,0,0,0,1,1
735,2.4274,1,2,0,0,0,0,0,0,1,0,0,0,1
736,0.7644,3,0,0,0,0,0,0,1,0,0,0,0,1
737,0.726,4,2,0,0,0,0,0,0,0,0,0,1,1
738,1.6548,3,0,0,0,0,0,0,0,1,0,0,0,1
739,3.8767,9,2,0,0,0,1,0,0,0,0,0,0,1
740,1.0959,12,2,0,1,0,0,0,0,0,0,0,0,1
741,1.2164,6,2,0,0,0,0,0,0,1,0,0,0,1
742,4.8877,8,1,0,0,0,0,0,0,0,0,0,1,0
743,0.5808,13,0,0,0,0,0,0,0,0,0,0,1,0
744,4.7425,12,3,0,0,0,0,0,0,0,0,0,1,1
745,2.326,12,3,0,1,0,0,0,0,0,0,0,0,0
746,4.6164,15,3,0,0,0,0,0,0,0,0,0,1,1
747,7.4027,15,3,0,0,0,0,0,0,0,0,0,1,1
748,0.0,2,1,0,0,0,0,0,0,0,0,0,1,1
749,9.4247,3,0,0,0,0,0,0,0,0,0,0,1,1
750,2.0,3,2,0,0,0,0,0,0,0,0,0,1,0
751,4.6082,3,3,0,1,0,0,0,0,0,0,0,0,1
752,2.9973,8,6,0,0,0,0,0,0,1,0,0,0,1
753,1.589,6,2,1,0,0,0,0,0,0,0,0,0,1
754,0.274,5,1,0,1,0,0,0,0,0,0,0,0,0
755,8.6,4,1,0,0,0,0,0,0,0,0,0,1,1
756,2.7096,6,3,1,0,0,0,0,0,0,0,0,0,1
757,4.8438,2,0,1,0,0,0,0,0,0,0,0,0,0
758,0.8521,3,3,0,1,0,0,0,0,0,0,0,0,1
759,1.8384,3,3,0,0,0,1,0,0,0,0,0,0,1
760,3.8932,8,3,0,0,0,1,0,0,0,0,0,0,1
761,3.989,27,4,0,0,1,0,0,0,0,0,0,0,1
762,1.0466,30,3,0,0,0,0,1,0,0,0,0,0,1
763,0.6301,8,2,0,1,0,0,0,0,0,0,0,0,1
764,8.9534,4,2,0,0,0,1,0,0,0,0,0,0,1
765,2.7644,4,1,0,0,0,0,0,0,0,0,0,1,0
766,7.863,16,1,0,0,0,0,0,1,0,0,0,0,1
767,3.1671,4,0,0,0,0,0,0,1,0,0,0,0,1
768,3.7589,15,1,0,0,0,0,0,0,0,1,0,0,1
769,0.0795,8,2,0,0,0,0,0,0,0,0,0,1,1
770,0.5562,3,2,0,1,0,0,0,0,0,0,0,0,0
771,10.9041,4,0,0,0,0,0,0,0,0,0,0,1,1
772,6.1507,10,3,0,0,0,0,0,0,0,0,0,1,0
773,5.1452,4,1,0,1,0,0,0,0,0,0,0,0,1
774,4.9589,11,2,0,0,0,0,0,0,0,0,0,1,1
775,7.2274,2,0,0,0,0,0,0,0,0,0,0,1,1
776,4.0986,8,3,0,1,0,0,0,0,0,0,0,0,1
777,1.4247,7,1,0,0,0,0,1,0,0,0,0,0,1
778,3.5562,3,1,0,0,1,0,0,0,0,0,0,0,0
779,0.8877,3,3,0,0,0,0,0,0,0,0,0,1,1
780,7.1562,1,0,0,0,0,0,0,0,0,0,0,1,1
781,9.3014,10,1,0,0,0,0,0,0,0,0,0,1,1
782,0.8959,4,1,0,0,0,1,0,0,0,0,0,0,0
783,6.6027,3,1,0,0,0,0,0,0,0,0,0,1,1
784,1.5699,12,2,1,0,0,0,0,0,0,0,0,0,1
785,-0.1151,1,1,0,0,0,0,0,1,0,0,0,0,0
786,9.3178,5,2,0,0,0,0,0,0,0,0,0,1,1
787,0.0,2,1,0,0,0,0,0,0,1,0,0,0,0
788,2.0877,6,1,0,0,0,0,0,0,0,0,0,1,0
789,1.0247,10,4,0,0,0,1,0,0,0,0,0,0,1
790,1.8247,15,3,0,1,0,0,0,0,0,0,0,0,0
791,3.0904,3,4,0,1,0,0,0,0,0,0,0,0,0
792,0.8384,4,5,0,0,0,0,0,1,0,0,0,0,1
793,5.7315,5,1,1,0,0,0,0,0,0,0,0,0,1
794,2.0795,23,3,0,0,0,0,1,0,0,0,0,0,1
795,2.2521,21,3,0,0,0,0,0,0,1,0,0,0,1
796,9.9589,35,3,0,1,0,0,0,0,0,0,0,0,1
797,2.926,4,1,0,0,0,1,0,0,0,0,0,0,1
798,3.4685,3,1,0,0,0,0,0,0,0,0,0,1,1
799,2.937,6,2,0,1,0,0,0,0,0,0,0,0,1
800,9.9644,7,1,0,0,0,0,0,0,0,0,0,1,1
801,2.6658,6,0,0,1,0,0,0,0,0,0,0,0,1
802,1.9973,3,2,0,0,0,0,0,0,0,0,0,1,1
803,1.6658,2,3,0,0,0,0,1,0,0,0,0,0,1
804,5.5123,11,0,0,0,0,0,0,0,0,1,0,0,0
805,2.7096,1,0,0,0,0,0,0,1,0,0,0,0,0
806,1.4986,6,2,1,0,0,0,0,0,0,0,0,0,0
807,1.4301,5,3,1,0,0,0,0,0,0,0,0,0,1
808,3.6027,9,0,0,0,0,0,0,0,0,0,0,1,1
809,7.7151,11,1,1,0,0,0,0,0,0,0,0,0,1
810,3.7616,5,1,0,0,1,0,0,0,0,0,0,0,1
811,5.3315,5,1,0,0,0,0,0,0,0,0,0,1,1
812,4.7973,18,5,0,0,0,0,0,0,0,0,0,1,1
813,5.2301,13,3,0,0,0,0,0,0,0,0,0,1,1
814,1.2247,5,2,0,0,0,0,0,1,0,0,0,0,1
815,8.5014,4,2,1,0,0,0,0,0,0,0,0,0,0
816,4.2548,4,3,0,1,0,0,0,0,0,0,0,0,1
817,1.2795,8,3,0,0,0,0,0,0,0,0,0,1,1
818,5.5342,6,2,0,0,0,1,0,0,0,0,0,0,1
819,7.4164,9,3,0,0,1,0,0,0,0,0,0,0,1
820,3.7479,14,2,0,0,0,0,0,0,0,0,0,1,1
821,5.2301,10,3,0,0,0,0,0,0,0,0,0,1,0
822,2.1644,10,2,0,0,0,0,0,1,0,0,0,0,0
823,0.0849,7,2,0,1,0,0,0,0,0,0,0,0,0
824,11.1452,0,0,0,0,0,0,0,0,0,0,0,1,1
825,7.537,6,1,0,0,0,0,0,0,0,0,0,1,1
826,3.9178,2,0,0,0,0,0,0,0,0,0,0,1,1
827,1.2849,1,1,0,0,0,0,0,0,1,0,0,0,0
828,1.3096,11,3,0,0,0,0,0,0,0,0,0,1,0
829,4.0274,0,0,0,0,0,0,0,0,0,0,0,1,0
830,1.2301,4,2,0,0,0,1,0,0,0,0,0,0,0
831,6.1233,5,1,0,0,0,1,0,0,0,0,0,0,1
832,4.4137,14,2,0,0,0,0,0,0,0,0,0,1,1
833,2.7205,4,4,0,0,0,0,0,0,0,0,0,1,1
834,6.1151,3,1,1,0,0,0,0,0,0,0,0,0,1
835,4.0795,0,0,1,0,0,0,0,0,0,0,0,0,1
836,1.9562,11,3,1,0,0,0,0,0,0,0,0,0,1
837,9.7315,2,1,1,0,0,0,0,0,0,0,0,0,1
838,2.8795,15,1,0,0,0,0,0,0,0,0,0,1,1
839,0.0,5,4,0,0,0,0,0,0,0,0,0,1,0
840,0.0,21,2,0,1,0,0,0,0,0,0,0,0,1
841,4.0877,13,2,0,0,0,0,1,0,0,0,0,0,1
842,0.0,2,0,0,0,0,1,0,0,0,0,0,0,0
843,0.9534,2,2,0,1,0,0,0,0,0,0,0,0,0
844,0.6438,6,2,0,0,0,1,0,0,0,0,0,0,1
845,2.2137,8,3,0,1,0,0,0,0,0,0,0,0,1
846,3.5699,2,3,0,0,0,0,0,0,0,0,0,1,1
847,2.2493,3,1,0,0,1,0,0,0,0,0,0,0,1
848,3.211,16,3,0,0,0,1,0,0,0,0,0,0,1
849,5.9589,6,1,0,0,0,0,0,0,0,0,0,1,1
850,1.126,23,2,0,0,0,0,0,0,0,0,0,1,1
851,0.337,5,2,0,0,0,0,0,1,0,0,0,0,1
852,3.4712,4,2,0,0,0,1,0,0,0,0,0,0,1
853,2.8548,3,2,0,0,0,0,0,0,0,0,0,1,1
854,0.9397,4,2,0,0,0,0,0,0,0,0,0,1,1
855,1.926,1,2,1,0,0,0,0,0,0,0,0,0,1
856,0.6795,16,3,0,0,0,0,0,0,0,0,0,1,1
857,0.6685,7,2,0,0,0,0,1,0,0,0,0,0,0
858,2.5808,4,2,1,0,0,0,0,0,0,0,0,0,1
859,3.7151,16,3,0,0,0,0,0,0,0,0,0,1,1
860,2.3479,7,2,0,0,0,0,0,0,0,0,0,1,1
861,2.5342,3,2,1,0,0,0,0,0,0,0,0,0,1
862,10.2493,8,1,0,0,0,0,0,0,0,0,0,1,1
863,2.337,5,4,0,0,1,0,0,0,0,0,0,0,1
864,4.5178,6,3,0,0,0,0,0,0,0,0,0,1,1
865,4.3205,5,1,0,0,0,0,0,0,0,0,0,1,1
866,7.6986,28,3,0,0,0,0,1,0,0,0,0,0,1
867,5.7151,18,3,0,0,0,0,0,0,0,0,0,1,1
868,8.1178,2,1,0,0,0,0,0,0,0,0,0,1,1
869,3.7068,11,4,0,0,0,0,0,0,0,0,0,1,1
870,9.4767,4,1,0,0,1,0,0,0,0,0,0,0,1
871,6.2986,9,1,0,0,0,0,0,0,0,1,0,0,1
872,9.1589,6,1,0,0,1,0,0,0,0,0,0,0,1
873,3.1945,5,1,0,0,1,0,0,0,0,0,0,0,1
874,3.7808,6,3,0,0,1,0,0,0,0,0,0,0,1
875,3.6493,12,3,0,0,0,0,0,0,0,0,0,1,1
876,5.7836,1,1,0,0,0,0,0,0,0,0,0,1,1
877,0.5671,5,3,0,1,0,0,0,0,0,0,0,0,1
878,7.9781,5,1,0,0,0,0,0,0,0,0,0,1,1
879,7.7616,9,1,0,0,1,0,0,0,0,0,0,0,1
880,2.126,10,4,0,0,0,0,0,1,0,0,0,0,1
881,0.5808,3,3,0,0,1,0,0,0,0,0,0,0,1
882,4.7342,0,0,0,0,0,0,0,0,0,0,1,0,1
883,2.2521,6,1,0,1,0,0,0,0,0,0,0,0,0
884,5.8192,14,4,0,1,0,0,0,0,0,0,0,0,1
885,3.6548,0,0,0,0,0,0,0,0,0,0,0,1,1
886,2.7151,21,3,0,0,0,0,0,1,0,0,0,0,1
887,4.5315,1,1,0,0,0,0,0,0,0,0,0,1,1
888,7.0027,3,1,0,0,0,0,0,0,0,0,0,1,0
889,3.4548,9,3,1,0,0,0,0,0,0,0,0,0,1
890,0.1644,3,1,1,0,0,0,0,0,0,0,0,0,0
891,0.6685,1,3,0,1,0,0,0,0,0,0,0,0,1
892,9.7534,1,1,1,0,0,0,0,0,0,0,0,0,0
893,6.2849,15,3,0,1,0,0,0,0,0,0,0,0,1
894,1.3096,5,2,0,0,0,0,1,0,0,0,0,0,1
895,6.0192,5,2,1,0,0,0,0,0,0,0,0,0,1
896,0.4904,6,1,0,0,0,0,0,1,0,0,0,0,1
897,5.3014,17,1,1,0,0,0,0,0,0,0,0,0,1
898,5.8712,4,2,1,0,0,0,0,0,0,0,0,0,1
899,2.4685,3,2,0,0,0,0,0,0,0,0,0,1,1
900,3.6548,14,4,0,0,0,0,1,0,0,0,0,0,1
901,5.2521,6,2,0,1,0,0,0,0,0,0,0,0,1
902,6.4986,24,3,1,0,0,0,0,0,0,0,0,0,1
903,3.7562,1,0,0,0,0,0,0,0,0,0,0,1,1
904,4.2795,4,0,0,0,0,0,0,0,0,0,0,1,1
905,4.0356,3,1,0,0,0,0,0,0,0,0,0,1,0
906,8.6247,4,0,0,0,0,0,0,0,0,0,0,1,1
907,6.6767,17,3,0,0,0,0,0,0,0,0,0,1,1
908,6.4548,28,2,0,0,0,0,0,0,0,0,0,1,1
909,3.937,26,5,0,1,0,0,0,0,0,0,0,0,1
910,2.8548,9,3,0,0,1,0,0,0,0,0,0,0,0
911,8.0849,4,1,0,0,0,0,0,0,0,1,0,0,1
912,3.5479,10,0,0,0,1,0,0,0,0,0,0,0,1
913,1.2904,3,1,0,1,0,0,0,0,0,0,0,0,0
914,3.2137,5,2,0,0,0,0,0,1,0,0,0,0,1
915,5.1315,6,2,0,0,0,0,1,0,0,0,0,0,0
916,3.9288,16,3,0,0,0,0,1,0,0,0,0,0,1
917,8.7589,9,2,0,0,1,0,0,0,0,0,0,0,1
918,0.5178,9,2,0,0,0,0,1,0,0,0,0,0,1
919,9.2274,1,1,0,0,0,0,0,0,0,0,0,1,1
920,8.4959,5,1,0,0,0,0,0,0,0,1,0,0,1
921,2.8329,12,2,1,0,0,0,0,0,0,0,0,0,1
922,3.1205,4,1,0,0,0,0,0,0,0,0,0,1,1
